413	-6.066	76.223	105.134 (57.791)	8.460	icore0/par_meu/dcu_l0/dcsnpq/dc_snp_queue_1__dcu_snp_queue/auto_vector_MBIT_SnpQMnnnH_reg_0__PhyAdr_30__MBIT_SnpQMnnnH_reg_0__PhyAdr_31__MBIT_SnpQMnnnH_reg_0__PhyAdr_32__MBIT_SnpQMnnnH_reg_0__PhyAdr_33__MBIT_SnpQMnnnH_reg_0__PhyAdr_34__MBIT_SnpQMnnnH_reg_0__PhyAdr_35__MBIT_SnpQMnnnH_reg_0__PhyAdr_36__MBIT_SnpQMnnnH_reg_0__PhyAdr_37_/CP	icore0/par_pmh/dcu_l1/dcl1control/auto_vector_MBIT_DcL1TagWrM405H_reg_1__32__MBIT_DcL1TagWrM405H_reg_1__33__MBIT_DcL1TagWrM405H_reg_1__34__MBIT_DcL1TagWrM405H_reg_1__35__MBIT_DcL1TagWrM405H_reg_1__36__MBIT_DcL1TagWrM405H_reg_1__37__MBIT_DcL1HitSLPriM405H_reg_1__MBIT_DcL1VictimWayM405H_reg_1__0_/D7	mclk_pmh
414	-6.066	76.215	105.134 (57.791)	8.460	icore1/par_meu/dcu_l0/dcsnpq/dc_snp_queue_1__dcu_snp_queue/auto_vector_MBIT_SnpQMnnnH_reg_0__PhyAdr_30__MBIT_SnpQMnnnH_reg_0__PhyAdr_31__MBIT_SnpQMnnnH_reg_0__PhyAdr_32__MBIT_SnpQMnnnH_reg_0__PhyAdr_33__MBIT_SnpQMnnnH_reg_0__PhyAdr_34__MBIT_SnpQMnnnH_reg_0__PhyAdr_35__MBIT_SnpQMnnnH_reg_0__PhyAdr_36__MBIT_SnpQMnnnH_reg_0__PhyAdr_37_/CP	icore1/par_pmh/dcu_l1/dcl1control/auto_vector_MBIT_DcL1TagWrM405H_reg_1__32__MBIT_DcL1TagWrM405H_reg_1__33__MBIT_DcL1TagWrM405H_reg_1__34__MBIT_DcL1TagWrM405H_reg_1__35__MBIT_DcL1TagWrM405H_reg_1__36__MBIT_DcL1TagWrM405H_reg_1__37__MBIT_DcL1HitSLPriM405H_reg_1__MBIT_DcL1VictimWayM405H_reg_1__0_/D7	mclk_pmh
601	-3.021	70.852	121.183 (86.109)	2.360	icore1/par_meu/mob/moiclb/auto_vector_MBIT_RSLdInfoM306H_reg_2__common_RobId_Addr_9__MBIT_RSLdInfoM306H_reg_2__common_RobId_Addr_2_/CP	icore1/par_pmh/moglbd/moglbary2d/auto_vector_MBIT_GLBAryMnnnH_reg_45__stat_RobId_Addr_0__MBIT_GLBAryMnnnH_reg_45__stat_RobId_Addr_1__MBIT_GLBAryMnnnH_reg_45__stat_RobId_Addr_2__MBIT_GLBAryMnnnH_reg_45__stat_RobId_Addr_3__MBIT_GLBAryMnnnH_reg_45__stat_RobId_Addr_4__MBIT_GLBAryMnnnH_reg_45__stat_RobId_Addr_5__MBIT_GLBAryMnnnH_reg_45__stat_RobId_Addr_6__MBIT_GLBAryMnnnH_reg_45__stat_RobId_Addr_7_/D3	mclk_pmh
602	-3.015	70.864	121.177 (86.103)	2.360	icore0/par_meu/mob/moiclb/auto_vector_MBIT_RSLdInfoM306H_reg_2__common_RobId_Addr_9__MBIT_RSLdInfoM306H_reg_2__common_RobId_Addr_2_/CP	icore0/par_pmh/moglbd/moglbary2d/auto_vector_MBIT_GLBAryMnnnH_reg_45__stat_RobId_Addr_0__MBIT_GLBAryMnnnH_reg_45__stat_RobId_Addr_1__MBIT_GLBAryMnnnH_reg_45__stat_RobId_Addr_2__MBIT_GLBAryMnnnH_reg_45__stat_RobId_Addr_3__MBIT_GLBAryMnnnH_reg_45__stat_RobId_Addr_4__MBIT_GLBAryMnnnH_reg_45__stat_RobId_Addr_5__MBIT_GLBAryMnnnH_reg_45__stat_RobId_Addr_6__MBIT_GLBAryMnnnH_reg_45__stat_RobId_Addr_7_/D3	mclk_pmh
624	-2.736	70.852	121.078 (85.025)	2.360	icore1/par_meu/mob/moiclb/auto_vector_MBIT_RSLdInfoM306H_reg_2__common_RobId_Addr_9__MBIT_RSLdInfoM306H_reg_2__common_RobId_Addr_2_/CP	icore1/par_pmh/moglbd/moglbary2d/auto_vector_MBIT_GLBAryMnnnH_reg_71__stat_RobId_Addr_0__MBIT_GLBAryMnnnH_reg_71__stat_RobId_Addr_1__MBIT_GLBAryMnnnH_reg_71__stat_RobId_Addr_2__MBIT_GLBAryMnnnH_reg_71__stat_RobId_Addr_3__MBIT_GLBAryMnnnH_reg_71__stat_RobId_Addr_4__MBIT_GLBAryMnnnH_reg_71__stat_RobId_Addr_5__MBIT_GLBAryMnnnH_reg_71__stat_RobId_Addr_6__MBIT_GLBAryMnnnH_reg_71__stat_RobId_Addr_7_/D3	mclk_pmh
625	-2.735	70.864	121.078 (85.025)	2.360	icore0/par_meu/mob/moiclb/auto_vector_MBIT_RSLdInfoM306H_reg_2__common_RobId_Addr_9__MBIT_RSLdInfoM306H_reg_2__common_RobId_Addr_2_/CP	icore0/par_pmh/moglbd/moglbary2d/auto_vector_MBIT_GLBAryMnnnH_reg_71__stat_RobId_Addr_0__MBIT_GLBAryMnnnH_reg_71__stat_RobId_Addr_1__MBIT_GLBAryMnnnH_reg_71__stat_RobId_Addr_2__MBIT_GLBAryMnnnH_reg_71__stat_RobId_Addr_3__MBIT_GLBAryMnnnH_reg_71__stat_RobId_Addr_4__MBIT_GLBAryMnnnH_reg_71__stat_RobId_Addr_5__MBIT_GLBAryMnnnH_reg_71__stat_RobId_Addr_6__MBIT_GLBAryMnnnH_reg_71__stat_RobId_Addr_7_/D3	mclk_pmh
725	-1.485	70.852	122.537 (87.219)	3.480	icore1/par_meu/mob/moiclb/auto_vector_MBIT_RSLdInfoM306H_reg_2__common_RobId_Addr_9__MBIT_RSLdInfoM306H_reg_2__common_RobId_Addr_2_/CP	icore1/par_pmh/moglbd/moglbary2d/auto_vector_MBIT_GLBAryMnnnH_reg_5__stat_RobId_Addr_0__MBIT_GLBAryMnnnH_reg_5__stat_RobId_Addr_1__MBIT_GLBAryMnnnH_reg_5__stat_RobId_Addr_2__MBIT_GLBAryMnnnH_reg_5__stat_RobId_Addr_3__MBIT_GLBAryMnnnH_reg_5__stat_RobId_Addr_4__MBIT_GLBAryMnnnH_reg_5__stat_RobId_Addr_5__MBIT_GLBAryMnnnH_reg_5__stat_RobId_Addr_6__MBIT_GLBAryMnnnH_reg_5__stat_RobId_Addr_7_/D3	mclk_pmh
726	-1.485	70.864	122.537 (87.219)	3.480	icore0/par_meu/mob/moiclb/auto_vector_MBIT_RSLdInfoM306H_reg_2__common_RobId_Addr_9__MBIT_RSLdInfoM306H_reg_2__common_RobId_Addr_2_/CP	icore0/par_pmh/moglbd/moglbary2d/auto_vector_MBIT_GLBAryMnnnH_reg_5__stat_RobId_Addr_0__MBIT_GLBAryMnnnH_reg_5__stat_RobId_Addr_1__MBIT_GLBAryMnnnH_reg_5__stat_RobId_Addr_2__MBIT_GLBAryMnnnH_reg_5__stat_RobId_Addr_3__MBIT_GLBAryMnnnH_reg_5__stat_RobId_Addr_4__MBIT_GLBAryMnnnH_reg_5__stat_RobId_Addr_5__MBIT_GLBAryMnnnH_reg_5__stat_RobId_Addr_6__MBIT_GLBAryMnnnH_reg_5__stat_RobId_Addr_7_/D3	mclk_pmh
788	-1.005	70.852	120.343 (84.283)	2.370	icore1/par_meu/mob/moiclb/auto_vector_MBIT_RSLdInfoM306H_reg_2__common_RobId_Addr_9__MBIT_RSLdInfoM306H_reg_2__common_RobId_Addr_2_/CP	icore1/par_pmh/moglbd/moglbary2d/auto_vector_MBIT_GLBAryMnnnH_reg_64__stat_RobId_Addr_0__MBIT_GLBAryMnnnH_reg_64__stat_RobId_Addr_1__MBIT_GLBAryMnnnH_reg_64__stat_RobId_Addr_2__MBIT_GLBAryMnnnH_reg_64__stat_RobId_Addr_3__MBIT_GLBAryMnnnH_reg_64__stat_RobId_Addr_4__MBIT_GLBAryMnnnH_reg_64__stat_RobId_Addr_5__MBIT_GLBAryMnnnH_reg_64__stat_RobId_Addr_6__MBIT_GLBAryMnnnH_reg_64__stat_RobId_Addr_7_/D3	mclk_pmh
789	-1.005	70.864	120.343 (84.283)	2.370	icore0/par_meu/mob/moiclb/auto_vector_MBIT_RSLdInfoM306H_reg_2__common_RobId_Addr_9__MBIT_RSLdInfoM306H_reg_2__common_RobId_Addr_2_/CP	icore0/par_pmh/moglbd/moglbary2d/auto_vector_MBIT_GLBAryMnnnH_reg_64__stat_RobId_Addr_0__MBIT_GLBAryMnnnH_reg_64__stat_RobId_Addr_1__MBIT_GLBAryMnnnH_reg_64__stat_RobId_Addr_2__MBIT_GLBAryMnnnH_reg_64__stat_RobId_Addr_3__MBIT_GLBAryMnnnH_reg_64__stat_RobId_Addr_4__MBIT_GLBAryMnnnH_reg_64__stat_RobId_Addr_5__MBIT_GLBAryMnnnH_reg_64__stat_RobId_Addr_6__MBIT_GLBAryMnnnH_reg_64__stat_RobId_Addr_7_/D3	mclk_pmh
830	-0.450	70.852	119.013 (85.207)	2.360	icore1/par_meu/mob/moiclb/auto_vector_MBIT_RSLdInfoM306H_reg_2__common_RobId_Addr_9__MBIT_RSLdInfoM306H_reg_2__common_RobId_Addr_2_/CP	icore1/par_pmh/moglbd/moglbary2d/auto_vector_MBIT_GLBAryMnnnH_reg_31__stat_RobId_Addr_0__MBIT_GLBAryMnnnH_reg_31__stat_RobId_Addr_1__MBIT_GLBAryMnnnH_reg_31__stat_RobId_Addr_2__MBIT_GLBAryMnnnH_reg_31__stat_RobId_Addr_3__MBIT_GLBAryMnnnH_reg_31__stat_RobId_Addr_4__MBIT_GLBAryMnnnH_reg_31__stat_RobId_Addr_5__MBIT_GLBAryMnnnH_reg_31__stat_RobId_Addr_6__MBIT_GLBAryMnnnH_reg_31__stat_RobId_Addr_7_/D3	mclk_pmh
831	-0.450	70.864	119.013 (85.207)	2.360	icore0/par_meu/mob/moiclb/auto_vector_MBIT_RSLdInfoM306H_reg_2__common_RobId_Addr_9__MBIT_RSLdInfoM306H_reg_2__common_RobId_Addr_2_/CP	icore0/par_pmh/moglbd/moglbary2d/auto_vector_MBIT_GLBAryMnnnH_reg_31__stat_RobId_Addr_0__MBIT_GLBAryMnnnH_reg_31__stat_RobId_Addr_1__MBIT_GLBAryMnnnH_reg_31__stat_RobId_Addr_2__MBIT_GLBAryMnnnH_reg_31__stat_RobId_Addr_3__MBIT_GLBAryMnnnH_reg_31__stat_RobId_Addr_4__MBIT_GLBAryMnnnH_reg_31__stat_RobId_Addr_5__MBIT_GLBAryMnnnH_reg_31__stat_RobId_Addr_6__MBIT_GLBAryMnnnH_reg_31__stat_RobId_Addr_7_/D3	mclk_pmh
